,timestamp,landmarks
0,0.0,"{'Head_end': [0.5174044370651245, 0.47042161226272583, -1.0857899188995361], 'UpperArmL': [0.6600786447525024, 0.7346973419189453, -0.6058962345123291], 'UpperArmR': [0.36067599058151245, 0.7007455825805664, -0.6200104355812073], 'LoweArmL': [0.7536770701408386, 0.9858907461166382, -0.6384372711181641], 'LoweArmR': [0.24291391670703888, 0.8931744694709778, -0.734935998916626], 'HandL': [0.8002711534500122, 1.263742446899414, -0.7190845608711243], 'HandR': [0.14946654438972473, 1.0065556764602661, -0.9476686716079712], 'Hip.L': [0.5742592811584473, 1.0966567993164062, 0.004269873723387718], 'Hip.R': [0.42561379075050354, 1.0918190479278564, -0.0037166704423725605], 'ShinL': [0.6145380735397339, 0.8811700344085693, 0.234415203332901], 'ShinR': [0.3893011212348938, 0.9362728595733643, 0.1150229349732399], 'FootL': [0.5628774762153625, 1.1352194547653198, 0.6666133403778076], 'FootR': [0.40453171730041504, 1.1739907264709473, 0.531662106513977], 'FootL_end': [0.6008148193359375, 1.2175430059432983, 0.5875431299209595], 'FootR_end': [0.40276020765304565, 1.2265132665634155, 0.42213383316993713]}"
1,533.3333000093699,"{'Head_end': [0.4998759329319, 0.4662608206272125, -0.8122779726982117], 'UpperArmL': [0.6564244627952576, 0.7472126483917236, -0.4037671685218811], 'UpperArmR': [0.3234843611717224, 0.7244099974632263, -0.39053988456726074], 'LoweArmL': [0.7535372376441956, 1.0033546686172485, -0.4264412820339203], 'LoweArmR': [0.18983913958072662, 0.9647203087806702, -0.38342106342315674], 'HandL': [0.7560951709747314, 1.2724075317382812, -0.5400216579437256], 'HandR': [0.12071914970874786, 1.1613290309906006, -0.5258142948150635], 'Hip.L': [0.5673048496246338, 1.2148383855819702, -0.026232779026031494], 'Hip.R': [0.37975212931632996, 1.2010611295700073, 0.028017204254865646], 'ShinL': [0.5595779418945312, 1.638981580734253, 0.15703406929969788], 'ShinR': [0.38089391589164734, 1.6402630805969238, 0.263954222202301], 'FootL': [0.5499807596206665, 1.9532380104064941, 0.680763840675354], 'FootR': [0.38687068223953247, 1.9665682315826416, 0.6769105195999146], 'FootL_end': [0.5265102386474609, 2.0836386680603027, 0.5099619626998901], 'FootR_end': [0.39967650175094604, 2.098942995071411, 0.41434916853904724]}"
2,1166.6666000187397,"{'Head_end': [0.49732208251953125, 0.45684120059013367, -0.6929360628128052], 'UpperArmL': [0.6551932692527771, 0.7485306859016418, -0.3188682198524475], 'UpperArmR': [0.30923891067504883, 0.7326651811599731, -0.2899699807167053], 'LoweArmL': [0.748033881187439, 1.0263928174972534, -0.3579871356487274], 'LoweArmR': [0.16968084871768951, 0.9979026913642883, -0.2711396813392639], 'HandL': [0.7637038230895996, 1.2966111898422241, -0.527714729309082], 'HandR': [0.09473033994436264, 1.2453118562698364, -0.43456530570983887], 'Hip.L': [0.5663461685180664, 1.2725836038589478, -0.041484490036964417], 'Hip.R': [0.36890119314193726, 1.267203688621521, 0.04368746280670166], 'ShinL': [0.5672816038131714, 1.7350804805755615, 0.0788499265909195], 'ShinR': [0.3813077211380005, 1.7407398223876953, 0.27283912897109985], 'FootL': [0.5589723587036133, 2.074540853500366, 0.6660181283950806], 'FootR': [0.3890337347984314, 2.086164951324463, 0.7204596996307373], 'FootL_end': [0.5414532423019409, 2.206852674484253, 0.4548521935939789], 'FootR_end': [0.40817490220069885, 2.219118595123291, 0.4169427454471588]}"
3,1933.333300024271,"{'Head_end': [0.4926338791847229, 0.4537610709667206, -0.6974693536758423], 'UpperArmL': [0.6535495519638062, 0.7495216727256775, -0.3045639395713806], 'UpperArmR': [0.30394357442855835, 0.7362064123153687, -0.2719908654689789], 'LoweArmL': [0.7470257878303528, 1.0272858142852783, -0.3194926977157593], 'LoweArmR': [0.1650102734565735, 0.9957353472709656, -0.2638724446296692], 'HandL': [0.76579749584198, 1.3219517469406128, -0.4799885153770447], 'HandR': [0.10700534284114838, 1.256205677986145, -0.467740923166275], 'Hip.L': [0.5663002729415894, 1.2983441352844238, -0.04164416342973709], 'Hip.R': [0.3572794795036316, 1.29720139503479, 0.04396762698888779], 'ShinL': [0.5720183849334717, 1.7775403261184692, 0.08842536807060242], 'ShinR': [0.3798152208328247, 1.7884050607681274, 0.2742234766483307], 'FootL': [0.5711544752120972, 2.1347758769989014, 0.6731770038604736], 'FootR': [0.3901115953922272, 2.1489675045013428, 0.7152796983718872], 'FootL_end': [0.5539235472679138, 2.273270845413208, 0.47492891550064087], 'FootR_end': [0.4215976297855377, 2.286750555038452, 0.41310548782348633]}"
4,2833.333300024271,"{'Head_end': [0.48762640357017517, 0.45317474007606506, -0.6711699962615967], 'UpperArmL': [0.6486841440200806, 0.7488992810249329, -0.2535126507282257], 'UpperArmR': [0.2993010878562927, 0.7421030402183533, -0.267609179019928], 'LoweArmL': [0.7533185482025146, 1.022816777229309, -0.3804472088813782], 'LoweArmR': [0.17428210377693176, 0.9929236769676208, -0.24824507534503937], 'HandL': [0.7767370939254761, 1.2252589464187622, -0.724591851234436], 'HandR': [0.11236473172903061, 1.2618459463119507, -0.4577520787715912], 'Hip.L': [0.566429853439331, 1.3134490251541138, -0.03462335839867592], 'Hip.R': [0.35067662596702576, 1.3120267391204834, 0.036570776253938675], 'ShinL': [0.5656224489212036, 1.7812529802322388, 0.10258124768733978], 'ShinR': [0.36112841963768005, 1.7916452884674072, 0.233162522315979], 'FootL': [0.5707505941390991, 2.152639865875244, 0.6878441572189331], 'FootR': [0.3714130222797394, 2.1630141735076904, 0.6622136831283569], 'FootL_end': [0.5501345992088318, 2.2788548469543457, 0.4958129823207855], 'FootR_end': [0.42045682668685913, 2.3015098571777344, 0.32090136408805847]}"
5,3866.666600033641,"{'Head_end': [0.4844173491001129, 0.4538302421569824, -0.7106093168258667], 'UpperArmL': [0.648474395275116, 0.7499670386314392, -0.22665083408355713], 'UpperArmR': [0.2995491027832031, 0.7425121068954468, -0.2828535735607147], 'LoweArmL': [0.790683388710022, 1.021033525466919, -0.3218146860599518], 'LoweArmR': [0.1711847484111786, 0.9838186502456665, -0.2776350975036621], 'HandL': [0.8606521487236023, 1.1919898986816406, -0.6767376661300659], 'HandR': [0.08459730446338654, 1.2365132570266724, -0.4998944401741028], 'Hip.L': [0.5693539381027222, 1.3346606492996216, -0.029109308496117592], 'Hip.R': [0.34609320759773254, 1.332270860671997, 0.0328536331653595], 'ShinL': [0.5599105358123779, 1.8194262981414795, 0.11643967777490616], 'ShinR': [0.338052362203598, 1.8335076570510864, 0.23637601733207703], 'FootL': [0.5655345320701599, 2.208967924118042, 0.7722626328468323], 'FootR': [0.352216899394989, 2.2234792709350586, 0.654938817024231], 'FootL_end': [0.5433771014213562, 2.3323850631713867, 0.556468665599823], 'FootR_end': [0.4187021851539612, 2.3660550117492676, 0.3157350420951843]}"
6,5033.333300039172,"{'Head_end': [0.4833383560180664, 0.4546761214733124, -0.7388800978660583], 'UpperArmL': [0.6468642950057983, 0.7496393322944641, -0.1358366310596466], 'UpperArmR': [0.295551598072052, 0.744723379611969, -0.24831858277320862], 'LoweArmL': [0.8360222578048706, 0.9661810994148254, -0.320578396320343], 'LoweArmR': [0.10784832388162613, 0.9693637490272522, -0.38498520851135254], 'HandL': [0.9755027890205383, 0.9607827663421631, -0.7601598501205444], 'HandR': [0.023890981450676918, 1.10335373878479, -0.7902212142944336], 'Hip.L': [0.576048731803894, 1.3344496488571167, -0.00992470420897007], 'Hip.R': [0.347771555185318, 1.3387055397033691, 0.01398527342826128], 'ShinL': [0.5654290914535522, 1.8087564706802368, 0.12723591923713684], 'ShinR': [0.3416779637336731, 1.8292843103408813, 0.1889817863702774], 'FootL': [0.568221390247345, 2.218916893005371, 0.7498577833175659], 'FootR': [0.35921362042427063, 2.2412028312683105, 0.534243643283844], 'FootL_end': [0.5440297722816467, 2.341132402420044, 0.5320125818252563], 'FootR_end': [0.4252619743347168, 2.383448362350464, 0.15766935050487518]}"
7,6300.0000000447035,"{'Head_end': [0.48018521070480347, 0.4591035544872284, -0.6853808760643005], 'UpperArmL': [0.6464590430259705, 0.7495537996292114, -0.10955808311700821], 'UpperArmR': [0.2901909351348877, 0.7444356679916382, -0.21985149383544922], 'LoweArmL': [0.8436322212219238, 0.9179256558418274, -0.34965673089027405], 'LoweArmR': [0.12309112399816513, 0.9860854744911194, -0.47868943214416504], 'HandL': [0.9746950268745422, 0.879429817199707, -0.7987322211265564], 'HandR': [0.1522095650434494, 1.028486967086792, -1.042510747909546], 'Hip.L': [0.5828437805175781, 1.3344613313674927, -2.378755880272365e-06], 'Hip.R': [0.3534051477909088, 1.33842134475708, 0.003666287288069725], 'ShinL': [0.5676079392433167, 1.811036467552185, 0.1330038607120514], 'ShinR': [0.34354403614997864, 1.8267723321914673, 0.10928186029195786], 'FootL': [0.5686060190200806, 2.2317206859588623, 0.68015456199646], 'FootR': [0.36183324456214905, 2.2437591552734375, 0.3822941482067108], 'FootL_end': [0.5443998575210571, 2.352811574935913, 0.445895254611969], 'FootR_end': [0.42529845237731934, 2.383805990219116, 0.017266318202018738]}"
8,7700.0000000447035,"{'Head_end': [0.47341251373291016, 0.46328067779541016, -0.6449265480041504], 'UpperArmL': [0.6442592144012451, 0.7438580989837646, -0.13954852521419525], 'UpperArmR': [0.2953866720199585, 0.7439015507698059, -0.1156173124909401], 'LoweArmL': [0.8381282687187195, 0.8735209107398987, -0.38083168864250183], 'LoweArmR': [0.18140938878059387, 0.9680789113044739, -0.2812991142272949], 'HandL': [0.9517701268196106, 0.8732950091362, -0.7982209324836731], 'HandR': [0.20328576862812042, 0.9987344741821289, -0.8397086262702942], 'Hip.L': [0.5837033987045288, 1.3215291500091553, -0.027936870232224464], 'Hip.R': [0.3572978675365448, 1.321047067642212, 0.030497368425130844], 'ShinL': [0.5653203725814819, 1.7668168544769287, 0.03037877008318901], 'ShinR': [0.34556126594543457, 1.7696470022201538, 0.043011222034692764], 'FootL': [0.5619018077850342, 2.183321475982666, 0.5062515139579773], 'FootR': [0.359844833612442, 2.192551612854004, 0.227032870054245], 'FootL_end': [0.5378421545028687, 2.3173182010650635, 0.28704097867012024], 'FootR_end': [0.3971898853778839, 2.334378957748413, -0.12049174308776855]}"
9,9233.333300054073,"{'Head_end': [0.4722786843776703, 0.4717687964439392, -0.6876370906829834], 'UpperArmL': [0.6417369842529297, 0.7415364980697632, -0.11893783509731293], 'UpperArmR': [0.2973024547100067, 0.7407360672950745, -0.17862287163734436], 'LoweArmL': [0.8392438888549805, 0.8279373645782471, -0.43727168440818787], 'LoweArmR': [0.18292519450187683, 0.9525575637817383, -0.3568563759326935], 'HandL': [0.9138002395629883, 0.6278833746910095, -0.8862136006355286], 'HandR': [0.20956957340240479, 0.9984624981880188, -0.8927043676376343], 'Hip.L': [0.5833449959754944, 1.3177281618118286, -0.02752167545258999], 'Hip.R': [0.35741037130355835, 1.3155467510223389, 0.030098294839262962], 'ShinL': [0.5587316155433655, 1.7822192907333374, 0.06161079555749893], 'ShinR': [0.3428094983100891, 1.778605580329895, 0.033051006495952606], 'FootL': [0.5563355088233948, 2.202151298522949, 0.539362370967865], 'FootR': [0.3540375828742981, 2.2023327350616455, 0.23606912791728973], 'FootL_end': [0.5329762697219849, 2.335123300552368, 0.32255494594573975], 'FootR_end': [0.3892093300819397, 2.344550371170044, -0.12683209776878357]}"
10,10900.000000059605,"{'Head_end': [0.4743128716945648, 0.4734734296798706, -0.6862907409667969], 'UpperArmL': [0.6411561369895935, 0.7360028624534607, -0.08724115043878555], 'UpperArmR': [0.2992229759693146, 0.7329465746879578, -0.1855172961950302], 'LoweArmL': [0.8366860151290894, 0.7972466945648193, -0.44571852684020996], 'LoweArmR': [0.16054090857505798, 0.8742797374725342, -0.4513247013092041], 'HandL': [0.901351273059845, 0.5963922739028931, -0.9198065996170044], 'HandR': [0.18833547830581665, 0.9094943404197693, -0.9741066098213196], 'Hip.L': [0.5847353339195251, 1.312301516532898, -0.026808634400367737], 'Hip.R': [0.35881611704826355, 1.312496304512024, 0.029705042019486427], 'ShinL': [0.5606562495231628, 1.7794491052627563, 0.06898005306720734], 'ShinR': [0.34538936614990234, 1.7790371179580688, -0.00821051187813282], 'FootL': [0.5594170093536377, 2.2028801441192627, 0.5610852241516113], 'FootR': [0.35685962438583374, 2.202667236328125, 0.20505674183368683], 'FootL_end': [0.538044273853302, 2.3329474925994873, 0.33475038409233093], 'FootR_end': [0.39136257767677307, 2.343409538269043, -0.17970669269561768]}"
11,12700.000000059605,"{'Head_end': [0.4744965136051178, 0.47544100880622864, -0.7312315702438354], 'UpperArmL': [0.6413098573684692, 0.7362151741981506, -0.0934021845459938], 'UpperArmR': [0.29980960488319397, 0.7271581888198853, -0.19600138068199158], 'LoweArmL': [0.8596235513687134, 0.7901586294174194, -0.2742731273174286], 'LoweArmR': [0.17061679065227509, 0.8846409916877747, -0.5006404519081116], 'HandL': [0.9564517140388489, 0.5299073457717896, -0.48907938599586487], 'HandR': [0.19190256297588348, 0.9585049152374268, -0.9576531648635864], 'Hip.L': [0.5846433043479919, 1.3286563158035278, -0.01232586894184351], 'Hip.R': [0.35750049352645874, 1.3240736722946167, 0.015470542013645172], 'ShinL': [0.5617445111274719, 1.804663062095642, 0.08456573635339737], 'ShinR': [0.3418561518192291, 1.796670913696289, -0.02574935182929039], 'FootL': [0.558937668800354, 2.226818561553955, 0.5844980478286743], 'FootR': [0.35268086194992065, 2.208577871322632, 0.21229872107505798], 'FootL_end': [0.5352168083190918, 2.3627967834472656, 0.3769184648990631], 'FootR_end': [0.3875286281108856, 2.3564865589141846, -0.15005095303058624]}"
12,14700.000000059605,"{'Head_end': [0.4796934127807617, 0.48043930530548096, -0.6837283968925476], 'UpperArmL': [0.6407012343406677, 0.7363129258155823, -0.07111136615276337], 'UpperArmR': [0.3010328710079193, 0.7207664251327515, -0.20206964015960693], 'LoweArmL': [0.843128502368927, 0.8110628128051758, -0.3292677402496338], 'LoweArmR': [0.16090354323387146, 0.8504849672317505, -0.5616615414619446], 'HandL': [0.9212806820869446, 0.7088049054145813, -0.6501952409744263], 'HandR': [0.18550562858581543, 0.8928290009498596, -1.127949595451355], 'Hip.L': [0.5781040787696838, 1.3210408687591553, -0.012194386683404446], 'Hip.R': [0.34655341506004333, 1.3167250156402588, 0.015369112603366375], 'ShinL': [0.5542020201683044, 1.7844727039337158, 0.04274534434080124], 'ShinR': [0.3319232165813446, 1.7815229892730713, -0.03341471403837204], 'FootL': [0.5454793572425842, 2.21330189704895, 0.4690064787864685], 'FootR': [0.3384513258934021, 2.206270933151245, 0.12659840285778046], 'FootL_end': [0.5248479843139648, 2.3459038734436035, 0.25134915113449097], 'FootR_end': [0.374512255191803, 2.349229574203491, -0.24055826663970947]}"
13,16833.333300068974,"{'Head_end': [0.48243898153305054, 0.48205801844596863, -0.684597373008728], 'UpperArmL': [0.6428710222244263, 0.7360076308250427, -0.07877451181411743], 'UpperArmR': [0.3036265969276428, 0.7182705998420715, -0.1784783899784088], 'LoweArmL': [0.8394360542297363, 0.8313472867012024, -0.3615533709526062], 'LoweArmR': [0.18777278065681458, 0.8681803345680237, -0.5322561264038086], 'HandL': [0.9133840799331665, 0.7015374898910522, -0.8216314315795898], 'HandR': [0.2049616128206253, 0.9353601336479187, -1.0668269395828247], 'Hip.L': [0.5850332975387573, 1.3194032907485962, -0.012857139110565186], 'Hip.R': [0.3492187559604645, 1.3161406517028809, 0.016002897173166275], 'ShinL': [0.5619916319847107, 1.787746787071228, 0.03507935255765915], 'ShinR': [0.33268624544143677, 1.785701036453247, -0.031237032264471054], 'FootL': [0.5575838088989258, 2.2165846824645996, 0.47509536147117615], 'FootR': [0.34040772914886475, 2.2104618549346924, 0.1252429187297821], 'FootL_end': [0.5322361588478088, 2.3482248783111572, 0.25367775559425354], 'FootR_end': [0.380182683467865, 2.3520472049713135, -0.24235229194164276]}"
14,19100.000000074506,"{'Head_end': [0.4843054413795471, 0.48175376653671265, -0.6997053623199463], 'UpperArmL': [0.6484763026237488, 0.7396615147590637, -0.02767496183514595], 'UpperArmR': [0.303649365901947, 0.7186000347137451, -0.20819596946239471], 'LoweArmL': [0.8811330795288086, 0.8391219973564148, -0.33350980281829834], 'LoweArmR': [0.20350995659828186, 0.9254526495933533, -0.5822463631629944], 'HandL': [0.9570890665054321, 0.6073270440101624, -0.8094116449356079], 'HandR': [0.2101239413022995, 0.9631842970848083, -1.184687852859497], 'Hip.L': [0.5896898508071899, 1.342124104499817, 0.011391537263989449], 'Hip.R': [0.3519797921180725, 1.3370401859283447, -0.008174457587301731], 'ShinL': [0.5695105791091919, 1.8272572755813599, 0.03708478435873985], 'ShinR': [0.3351999819278717, 1.8239517211914062, -0.05598137527704239], 'FootL': [0.564141571521759, 2.2571606636047363, 0.5173726677894592], 'FootR': [0.34395018219947815, 2.2508974075317383, 0.10690828412771225], 'FootL_end': [0.5395926237106323, 2.394318103790283, 0.30535888671875], 'FootR_end': [0.38127827644348145, 2.3983571529388428, -0.2577366232872009]}"
15,21500.000000074506,"{'Head_end': [0.4843818247318268, 0.4812941253185272, -0.666374921798706], 'UpperArmL': [0.6478443145751953, 0.7426230907440186, -0.03505878895521164], 'UpperArmR': [0.2977930009365082, 0.7188120484352112, -0.17984597384929657], 'LoweArmL': [0.8664646148681641, 0.8857251405715942, -0.3403768837451935], 'LoweArmR': [0.20252199470996857, 0.9386017918586731, -0.5417245030403137], 'HandL': [0.9461473226547241, 0.7342864871025085, -0.8707612752914429], 'HandR': [0.206138014793396, 0.975768506526947, -1.09993577003479], 'Hip.L': [0.5891597270965576, 1.3425630331039429, 0.018091026693582535], 'Hip.R': [0.35079675912857056, 1.3390909433364868, -0.01458483375608921], 'ShinL': [0.568660318851471, 1.8383562564849854, 0.05347272753715515], 'ShinR': [0.33324262499809265, 1.841182827949524, -0.057607315480709076], 'FootL': [0.5643065571784973, 2.2817866802215576, 0.5298880934715271], 'FootR': [0.34618058800697327, 2.278989553451538, 0.09866801649332047], 'FootL_end': [0.5465095639228821, 2.408076524734497, 0.29933497309684753], 'FootR_end': [0.398159921169281, 2.4226174354553223, -0.29690122604370117]}"
16,24033.333300083876,"{'Head_end': [0.4845932424068451, 0.4753626585006714, -0.6766716837882996], 'UpperArmL': [0.647516131401062, 0.745011568069458, -0.06405685842037201], 'UpperArmR': [0.2934899628162384, 0.7199116349220276, -0.1682622730731964], 'LoweArmL': [0.8618482351303101, 0.9226057529449463, -0.3507271409034729], 'LoweArmR': [0.17749223113059998, 0.9260177612304688, -0.4735987186431885], 'HandL': [0.9395034909248352, 0.8421724438667297, -0.8707254528999329], 'HandR': [0.200335294008255, 0.986965000629425, -1.069853663444519], 'Hip.L': [0.5834197402000427, 1.344190239906311, 0.015168231911957264], 'Hip.R': [0.34252041578292847, 1.3394019603729248, -0.012035100720822811], 'ShinL': [0.5552038550376892, 1.8402470350265503, 0.05878009274601936], 'ShinR': [0.3177526593208313, 1.8392035961151123, -0.0376945361495018], 'FootL': [0.548312783241272, 2.284824848175049, 0.5378381013870239], 'FootR': [0.3340754508972168, 2.2790117263793945, 0.14154240489006042], 'FootL_end': [0.5332717895507812, 2.4124908447265625, 0.3083236813545227], 'FootR_end': [0.38549312949180603, 2.4239275455474854, -0.2483941614627838]}"
17,26700.000000089407,"{'Head_end': [0.4850739538669586, 0.46840062737464905, -0.7217186689376831], 'UpperArmL': [0.6543703079223633, 0.7492788434028625, -0.07005030661821365], 'UpperArmR': [0.2937714457511902, 0.7267764806747437, -0.18187902867794037], 'LoweArmL': [0.8617243766784668, 0.9634326696395874, -0.35338443517684937], 'LoweArmR': [0.100310780107975, 0.9256460070610046, -0.37776702642440796], 'HandL': [0.9397419691085815, 0.8435354828834534, -0.9145366549491882], 'HandR': [0.04578801617026329, 1.026740550994873, -0.7378100752830505], 'Hip.L': [0.5894777178764343, 1.3695350885391235, 0.01976432278752327], 'Hip.R': [0.3447611927986145, 1.3627514839172363, -0.016260802745819092], 'ShinL': [0.5573493242263794, 1.8744210004806519, 0.1554100513458252], 'ShinR': [0.3214417099952698, 1.880540132522583, -0.001529880566522479], 'FootL': [0.5489724278450012, 2.3119328022003174, 0.7386888861656189], 'FootR': [0.33551305532455444, 2.3209688663482666, 0.2766018211841583], 'FootL_end': [0.5350807905197144, 2.4480693340301514, 0.5269147157669067], 'FootR_end': [0.38603535294532776, 2.4714579582214355, -0.12320484220981598]}"
18,29500.000000089407,"{'Head_end': [0.4850442409515381, 0.4636933505535126, -0.7013911008834839], 'UpperArmL': [0.6549302339553833, 0.7495240569114685, -0.07607556134462357], 'UpperArmR': [0.2939077913761139, 0.7297844290733337, -0.16754047572612762], 'LoweArmL': [0.8396809697151184, 0.9618292450904846, -0.3783036172389984], 'LoweArmR': [0.12436966598033905, 0.9261457324028015, -0.38543951511383057], 'HandL': [0.9392711520195007, 0.8970304131507874, -0.9661137461662292], 'HandR': [0.0550522617995739, 1.0366950035095215, -0.8405289649963379], 'Hip.L': [0.5897151231765747, 1.3634463548660278, 0.0181131511926651], 'Hip.R': [0.3443792760372162, 1.3599556684494019, -0.015064544975757599], 'ShinL': [0.5575313568115234, 1.8594582080841064, 0.12553581595420837], 'ShinR': [0.3162999749183655, 1.8610138893127441, -0.020124046131968498], 'FootL': [0.5440144538879395, 2.2992472648620605, 0.6110543012619019], 'FootR': [0.3301233649253845, 2.299539089202881, 0.14526166021823883], 'FootL_end': [0.5247801542282104, 2.436924457550049, 0.40362414717674255], 'FootR_end': [0.37513160705566406, 2.4490854740142822, -0.23006591200828552]}"
19,32500.000000089407,"{'Head_end': [0.4847622513771057, 0.4553903639316559, -0.681325376033783], 'UpperArmL': [0.6549494862556458, 0.7527589797973633, -0.14687463641166687], 'UpperArmR': [0.2940804362297058, 0.7303221821784973, -0.1900990903377533], 'LoweArmL': [0.7997669577598572, 0.9907163381576538, -0.32069191336631775], 'LoweArmR': [0.13536013662815094, 0.946296751499176, -0.2770932912826538], 'HandL': [0.8710932731628418, 1.0814015865325928, -0.7303604483604431], 'HandR': [-0.0031184558756649494, 1.13160240650177, -0.5859395265579224], 'Hip.L': [0.5900582075119019, 1.370355248451233, 0.006025057286024094], 'Hip.R': [0.34495049715042114, 1.3685897588729858, -0.0026459279470145702], 'ShinL': [0.5619107484817505, 1.8720722198486328, 0.11648736894130707], 'ShinR': [0.3168460428714752, 1.8861255645751953, 0.05781838297843933], 'FootL': [0.5589514970779419, 2.314082622528076, 0.6663791537284851], 'FootR': [0.34101659059524536, 2.3260092735290527, 0.3476956784725189], 'FootL_end': [0.5436699390411377, 2.443737506866455, 0.4594184458255768], 'FootR_end': [0.39555925130844116, 2.467299699783325, -0.028366703540086746]}"
20,35633.33330009878,"{'Head_end': [0.4823785722255707, 0.44849395751953125, -0.7260233163833618], 'UpperArmL': [0.6548286080360413, 0.7543057799339294, -0.20623859763145447], 'UpperArmR': [0.294275164604187, 0.733086347579956, -0.21751073002815247], 'LoweArmL': [0.7726659178733826, 1.0046355724334717, -0.40609535574913025], 'LoweArmR': [0.14098234474658966, 0.9625313878059387, -0.20544806122779846], 'HandL': [0.8608525991439819, 0.9797021150588989, -0.8655349016189575], 'HandR': [-0.009531018324196339, 1.152472734451294, -0.4308883249759674], 'Hip.L': [0.588641881942749, 1.373681902885437, -0.005966342519968748], 'Hip.R': [0.3403799533843994, 1.3727113008499146, 0.00953404325991869], 'ShinL': [0.5657921433448792, 1.878352403640747, 0.17438960075378418], 'ShinR': [0.3174809515476227, 1.897005558013916, 0.1885686218738556], 'FootL': [0.5662643909454346, 2.3129806518554688, 0.8534688949584961], 'FootR': [0.34378525614738464, 2.329784393310547, 0.5981280207633972], 'FootL_end': [0.5506733655929565, 2.448425054550171, 0.6580840349197388], 'FootR_end': [0.40003156661987305, 2.474229097366333, 0.24266424775123596]}"
21,38900.00000010431,"{'Head_end': [0.4808107316493988, 0.44414791464805603, -0.7564576268196106], 'UpperArmL': [0.6547298431396484, 0.7559391260147095, -0.2109764814376831], 'UpperArmR': [0.2938520312309265, 0.7383136749267578, -0.2718806862831116], 'LoweArmL': [0.7549313902854919, 1.0164998769760132, -0.3531652092933655], 'LoweArmR': [0.14219532907009125, 0.9845219850540161, -0.271126925945282], 'HandL': [0.8097602128982544, 1.2032750844955444, -0.7319670915603638], 'HandR': [0.07754997164011002, 1.232926845550537, -0.6592680215835571], 'Hip.L': [0.5892080664634705, 1.3830084800720215, -0.0056782434694468975], 'Hip.R': [0.3400447964668274, 1.3839792013168335, 0.009218094870448112], 'ShinL': [0.5707640051841736, 1.8955432176589966, 0.1634303629398346], 'ShinR': [0.32120922207832336, 1.9194780588150024, 0.18931201100349426], 'FootL': [0.5718708038330078, 2.33616304397583, 0.8071259260177612], 'FootR': [0.34401556849479675, 2.3596160411834717, 0.5920275449752808], 'FootL_end': [0.5583063364028931, 2.4748318195343018, 0.6044225692749023], 'FootR_end': [0.40150028467178345, 2.507500648498535, 0.235086128115654]}"
22,42300.00000010431,"{'Head_end': [0.4809522032737732, 0.44118863344192505, -0.7965338826179504], 'UpperArmL': [0.6546923518180847, 0.7559391856193542, -0.30306437611579895], 'UpperArmR': [0.29264959692955017, 0.7387589812278748, -0.2694587707519531], 'LoweArmL': [0.7364811897277832, 1.027058482170105, -0.434661328792572], 'LoweArmR': [0.14484795928001404, 0.9785589575767517, -0.28172439336776733], 'HandL': [0.7845824956893921, 1.295570969581604, -0.7684795260429382], 'HandR': [0.030330246314406395, 1.1737860441207886, -0.7638368606567383], 'Hip.L': [0.5887219309806824, 1.383567214012146, -0.029156291857361794], 'Hip.R': [0.3367902934551239, 1.3846449851989746, 0.03217078000307083], 'ShinL': [0.571338951587677, 1.895120620727539, 0.13675567507743835], 'ShinR': [0.3233347237110138, 1.9133692979812622, 0.21126961708068848], 'FootL': [0.575072169303894, 2.3354575634002686, 0.7439847588539124], 'FootR': [0.3461223244667053, 2.354278326034546, 0.5943871140480042], 'FootL_end': [0.5587506890296936, 2.4772770404815674, 0.5409000515937805], 'FootR_end': [0.40107282996177673, 2.4992735385894775, 0.235615536570549]}"
23,45833.33330011368,"{'Head_end': [0.4826320707798004, 0.4398984909057617, -0.7967802286148071], 'UpperArmL': [0.6550775766372681, 0.7558401226997375, -0.3085130751132965], 'UpperArmR': [0.29049378633499146, 0.7385552525520325, -0.27654916048049927], 'LoweArmL': [0.7323060631752014, 1.033185601234436, -0.4202234745025635], 'LoweArmR': [0.15223869681358337, 0.9948242902755737, -0.3198643922805786], 'HandL': [0.7690308094024658, 1.3666024208068848, -0.7534189224243164], 'HandR': [0.11169304698705673, 1.2638357877731323, -0.7645795345306396], 'Hip.L': [0.5885536670684814, 1.3853362798690796, -0.044067032635211945], 'Hip.R': [0.33471179008483887, 1.387516736984253, 0.0470816008746624], 'ShinL': [0.5719354152679443, 1.9093419313430786, 0.06289489567279816], 'ShinR': [0.32397645711898804, 1.9241925477981567, 0.22861719131469727], 'FootL': [0.5773822069168091, 2.3576059341430664, 0.6701777577400208], 'FootR': [0.3461625874042511, 2.370936393737793, 0.6261551976203918], 'FootL_end': [0.5585190057754517, 2.5047500133514404, 0.429227739572525], 'FootR_end': [0.39754730463027954, 2.5198709964752197, 0.2599337697029114]}"
24,49500.00000011921,"{'Head_end': [0.4856664538383484, 0.43971750140190125, -0.825506865978241], 'UpperArmL': [0.6550320386886597, 0.7567002177238464, -0.3282986283302307], 'UpperArmR': [0.28706079721450806, 0.7384338974952698, -0.2932608723640442], 'LoweArmL': [0.7271249890327454, 1.041973352432251, -0.39607009291648865], 'LoweArmR': [0.15414094924926758, 1.0016862154006958, -0.3401016891002655], 'HandL': [0.7523270845413208, 1.3952652215957642, -0.6481195688247681], 'HandR': [0.15137328207492828, 1.2875607013702393, -0.7655208110809326], 'Hip.L': [0.5838208794593811, 1.3929728269577026, -0.049660343676805496], 'Hip.R': [0.3290897011756897, 1.3959941864013672, 0.052492547780275345], 'ShinL': [0.572002112865448, 1.921210527420044, 0.02609332837164402], 'ShinR': [0.3246825337409973, 1.9326530694961548, 0.21494586765766144], 'FootL': [0.5781034827232361, 2.3716883659362793, 0.635829508304596], 'FootR': [0.34627217054367065, 2.381455421447754, 0.6305729150772095], 'FootL_end': [0.5581451654434204, 2.5232222080230713, 0.39520958065986633], 'FootR_end': [0.39475446939468384, 2.5314674377441406, 0.26727330684661865]}"
25,53300.00000011921,"{'Head_end': [0.48623165488243103, 0.440426766872406, -0.8753666877746582], 'UpperArmL': [0.6563340425491333, 0.7571120858192444, -0.37138956785202026], 'UpperArmR': [0.28725624084472656, 0.7378128170967102, -0.32005757093429565], 'LoweArmL': [0.7203975915908813, 1.0458245277404785, -0.40444621443748474], 'LoweArmR': [0.1591232866048813, 0.9991486668586731, -0.3557203412055969], 'HandL': [0.7381239533424377, 1.402711033821106, -0.6611115336418152], 'HandR': [0.16253240406513214, 1.2898075580596924, -0.7738240957260132], 'Hip.L': [0.5827460289001465, 1.3947405815124512, -0.05330413579940796], 'Hip.R': [0.3289259076118469, 1.3974779844284058, 0.055958498269319534], 'ShinL': [0.5720148086547852, 1.9229892492294312, -0.0025494820438325405], 'ShinR': [0.32516756653785706, 1.9315561056137085, 0.18846425414085388], 'FootL': [0.5777550935745239, 2.375882148742676, 0.5761299729347229], 'FootR': [0.34654325246810913, 2.3845698833465576, 0.5602306127548218], 'FootL_end': [0.5579174757003784, 2.526090383529663, 0.3445466160774231], 'FootR_end': [0.3921410143375397, 2.5324900150299072, 0.1994217336177826]}"
26,57300.00000011921,"{'Head_end': [0.48810815811157227, 0.4409252405166626, -0.864180862903595], 'UpperArmL': [0.6578489542007446, 0.7570679783821106, -0.3407859802246094], 'UpperArmR': [0.2868565618991852, 0.7377923130989075, -0.3252064883708954], 'LoweArmL': [0.7267895340919495, 1.0456774234771729, -0.38876837491989136], 'LoweArmR': [0.1591758280992508, 1.0048267841339111, -0.3909280300140381], 'HandL': [0.7558693289756775, 1.3872119188308716, -0.6396841406822205], 'HandR': [0.15887294709682465, 1.2851017713546753, -0.8024194836616516], 'Hip.L': [0.583966851234436, 1.3970729112625122, -0.04827678203582764], 'Hip.R': [0.32938772439956665, 1.4004356861114502, 0.051032643765211105], 'ShinL': [0.574090301990509, 1.9242722988128662, 0.022414138540625572], 'ShinR': [0.325387179851532, 1.9334678649902344, 0.18294239044189453], 'FootL': [0.5798457860946655, 2.3769569396972656, 0.6007357835769653], 'FootR': [0.3466200828552246, 2.3864171504974365, 0.538406491279602], 'FootL_end': [0.557998538017273, 2.529027223587036, 0.37501785159111023], 'FootR_end': [0.3911967873573303, 2.536644697189331, 0.1793614774942398]}"
27,61433.33330012858,"{'Head_end': [0.4889846444129944, 0.4411262273788452, -0.9179316759109497], 'UpperArmL': [0.658061683177948, 0.7580968737602234, -0.3755994737148285], 'UpperArmR': [0.2840719223022461, 0.7364833950996399, -0.3585222363471985], 'LoweArmL': [0.7316128611564636, 1.041738510131836, -0.4341823160648346], 'LoweArmR': [0.1541777104139328, 1.0005239248275757, -0.4020129144191742], 'HandL': [0.762276291847229, 1.369771957397461, -0.7301982641220093], 'HandR': [0.1269425004720688, 1.2756952047348022, -0.8019715547561646], 'Hip.L': [0.5779732465744019, 1.397567868232727, -0.046442851424217224], 'Hip.R': [0.32103410363197327, 1.397945523262024, 0.04920601472258568], 'ShinL': [0.5633691549301147, 1.925215482711792, 0.05962248891592026], 'ShinR': [0.3135143220424652, 1.9336583614349365, 0.22378024458885193], 'FootL': [0.5659886598587036, 2.3796353340148926, 0.698284924030304], 'FootR': [0.3278868794441223, 2.3884408473968506, 0.6436371803283691], 'FootL_end': [0.5430694818496704, 2.5313963890075684, 0.4660152792930603], 'FootR_end': [0.3689804971218109, 2.5401647090911865, 0.27335861325263977]}"
28,65700.00000013411,"{'Head_end': [0.48910754919052124, 0.4414961636066437, -0.935733437538147], 'UpperArmL': [0.6579106450080872, 0.7580844759941101, -0.3799859881401062], 'UpperArmR': [0.2817972004413605, 0.7364441156387329, -0.3752581477165222], 'LoweArmL': [0.7312898635864258, 1.0366041660308838, -0.4888914227485657], 'LoweArmR': [0.15457817912101746, 0.9983279705047607, -0.47287517786026], 'HandL': [0.764146625995636, 1.3500101566314697, -0.872278094291687], 'HandR': [0.13754414021968842, 1.2686799764633179, -0.9283970594406128], 'Hip.L': [0.5762674808502197, 1.4022948741912842, -0.04638587310910225], 'Hip.R': [0.31950610876083374, 1.4011484384536743, 0.0490557923913002], 'ShinL': [0.559502124786377, 1.927627682685852, 0.06303398311138153], 'ShinR': [0.3132835030555725, 1.9366495609283447, 0.22806525230407715], 'FootL': [0.5566583275794983, 2.38295316696167, 0.6970497965812683], 'FootR': [0.32456615567207336, 2.392650604248047, 0.6476093530654907], 'FootL_end': [0.5344831943511963, 2.53416109085083, 0.46204811334609985], 'FootR_end': [0.36347898840904236, 2.5461747646331787, 0.27806392312049866]}"
